title,duration,duration_minutes,distance_km,distance_mi,type,coach,guest,training_plans,notes,source
Fly With Monas,00:20,20,4.00,2.49,Speed - Fartlek,Steve Moneghetti,,,,https://docs.google.com/spreadsheets/d/15YHmk24n6qN6jwY7TxuwOorMeiLXjwkvYe1n7CSqu98/gviz/tq?tqx=out:csv&sheet=Sheet1
No Time? Go Time!,00:20,20,4.00,2.49,Speed - Intervals,Becs Gentry,,HM,,https://docs.google.com/spreadsheets/d/15YHmk24n6qN6jwY7TxuwOorMeiLXjwkvYe1n7CSqu98/gviz/tq?tqx=out:csv&sheet=Sheet1
Run & Train: Upper Body,00:20,20,4.00,2.49,Speed - Intervals,Cory Wharton-Malcolm,,,,https://docs.google.com/spreadsheets/d/15YHmk24n6qN6jwY7TxuwOorMeiLXjwkvYe1n7CSqu98/gviz/tq?tqx=out:csv&sheet=Sheet1
Sprintervals,00:20,20,4.00,2.49,Speed - Intervals,Manni Ovola,,,,https://docs.google.com/spreadsheets/d/15YHmk24n6qN6jwY7TxuwOorMeiLXjwkvYe1n7CSqu98/gviz/tq?tqx=out:csv&sheet=Sheet1
Runner Up,00:21,21,4.20,2.61,Speed - Hill,Blue Benadum,,5K; HM; M,,https://docs.google.com/spreadsheets/d/15YHmk24n6qN6jwY7TxuwOorMeiLXjwkvYe1n7CSqu98/gviz/tq?tqx=out:csv&sheet=Sheet1
Rhythm and Roll,00:21,21,4.20,2.61,Speed - Intervals,Cory Wharton-Malcolm,,5K,,https://docs.google.com/spreadsheets/d/15YHmk24n6qN6jwY7TxuwOorMeiLXjwkvYe1n7CSqu98/gviz/tq?tqx=out:csv&sheet=Sheet1
"One Hard, One Easy.",00:22,22,4.40,2.73,Speed - Fartlek,Cory Wharton-Malcolm,,5K; HM,,https://docs.google.com/spreadsheets/d/15YHmk24n6qN6jwY7TxuwOorMeiLXjwkvYe1n7CSqu98/gviz/tq?tqx=out:csv&sheet=Sheet1
Go Fast With Elaine,00:22,22,4.40,2.73,Speed - Intervals,Sally McRae,Elaine Thompson,5K,,https://docs.google.com/spreadsheets/d/15YHmk24n6qN6jwY7TxuwOorMeiLXjwkvYe1n7CSqu98/gviz/tq?tqx=out:csv&sheet=Sheet1
Speed Run B4 The Half,00:22,22,4.40,2.73,Speed - Intervals,Chris Bennett,,HM,"Called ""The Speed Run Before..."" in the training plan.",https://docs.google.com/spreadsheets/d/15YHmk24n6qN6jwY7TxuwOorMeiLXjwkvYe1n7CSqu98/gviz/tq?tqx=out:csv&sheet=Sheet1
Bring It Down,00:22,22,4.40,2.73,Speed - Tempo,Cory Wharton-Malcolm,,5K; 10K; HM; M,,https://docs.google.com/spreadsheets/d/15YHmk24n6qN6jwY7TxuwOorMeiLXjwkvYe1n7CSqu98/gviz/tq?tqx=out:csv&sheet=Sheet1
Spicy Speed II With Bec,00:23,23,4.60,2.86,Speed - Intervals,Bec Wilcock,,,,https://docs.google.com/spreadsheets/d/15YHmk24n6qN6jwY7TxuwOorMeiLXjwkvYe1n7CSqu98/gviz/tq?tqx=out:csv&sheet=Sheet1
Speed Run With Jes,00:25,25,5.00,3.11,Speed,Jes Woods,,,,https://docs.google.com/spreadsheets/d/15YHmk24n6qN6jwY7TxuwOorMeiLXjwkvYe1n7CSqu98/gviz/tq?tqx=out:csv&sheet=Sheet1
Next Speed Run,00:25,25,5.00,3.11,Speed - Intervals,Chris Bennett,,5K; 10K; M,,https://docs.google.com/spreadsheets/d/15YHmk24n6qN6jwY7TxuwOorMeiLXjwkvYe1n7CSqu98/gviz/tq?tqx=out:csv&sheet=Sheet1
The Shifter,00:25,25,5.00,3.11,Speed - Intervals,Cory Wharton-Malcolm,,HM,,https://docs.google.com/spreadsheets/d/15YHmk24n6qN6jwY7TxuwOorMeiLXjwkvYe1n7CSqu98/gviz/tq?tqx=out:csv&sheet=Sheet1
Giannis On The Go,00:25,25,5.00,3.11,Speed - Tempo,Giannis Antetokounmpo,,,,https://docs.google.com/spreadsheets/d/15YHmk24n6qN6jwY7TxuwOorMeiLXjwkvYe1n7CSqu98/gviz/tq?tqx=out:csv&sheet=Sheet1
How Fartlek Can You Go?,00:26,26,5.20,3.23,Speed - Fartlek,Cory Wharton-Malcolm,,5K; 10K,,https://docs.google.com/spreadsheets/d/15YHmk24n6qN6jwY7TxuwOorMeiLXjwkvYe1n7CSqu98/gviz/tq?tqx=out:csv&sheet=Sheet1
80's,00:26,26,5.20,3.23,Speed - Intervals,Chelsea Cox,,,,https://docs.google.com/spreadsheets/d/15YHmk24n6qN6jwY7TxuwOorMeiLXjwkvYe1n7CSqu98/gviz/tq?tqx=out:csv&sheet=Sheet1
Mystery Speed Run,00:26,26,5.20,3.23,Speed - Intervals,Cory Wharton-Malcolm,,,,https://docs.google.com/spreadsheets/d/15YHmk24n6qN6jwY7TxuwOorMeiLXjwkvYe1n7CSqu98/gviz/tq?tqx=out:csv&sheet=Sheet1
Funky Fartlek,00:27,27,5.40,3.36,Speed - Fartlek,Chris Bennett,,,,https://docs.google.com/spreadsheets/d/15YHmk24n6qN6jwY7TxuwOorMeiLXjwkvYe1n7CSqu98/gviz/tq?tqx=out:csv&sheet=Sheet1
Hill Hillier Hilliest,00:27,27,5.40,3.36,Speed - Hill,Sally McRae,,10K; HM; M,,https://docs.google.com/spreadsheets/d/15YHmk24n6qN6jwY7TxuwOorMeiLXjwkvYe1n7CSqu98/gviz/tq?tqx=out:csv&sheet=Sheet1
First Speed Run,00:27,27,5.40,3.36,Speed - Intervals,Cory Wharton-Malcolm,,5K; 10K; HM; M,"Available on the watch app, coached by Chris Bennett. Both coaches use the same script.",https://docs.google.com/spreadsheets/d/15YHmk24n6qN6jwY7TxuwOorMeiLXjwkvYe1n7CSqu98/gviz/tq?tqx=out:csv&sheet=Sheet1
Spooky Speed Run,00:27,27,5.40,3.36,Speed - Intervals,Chris Bennett,,,,https://docs.google.com/spreadsheets/d/15YHmk24n6qN6jwY7TxuwOorMeiLXjwkvYe1n7CSqu98/gviz/tq?tqx=out:csv&sheet=Sheet1
"One Hard, Two Easy.",00:28,28,5.60,3.48,Speed - Fartlek,Blue Benadum,,HM; M,,https://docs.google.com/spreadsheets/d/15YHmk24n6qN6jwY7TxuwOorMeiLXjwkvYe1n7CSqu98/gviz/tq?tqx=out:csv&sheet=Sheet1
"Two Hard, One Easy.",00:28,28,5.60,3.48,Speed - Fartlek,Blue Benadum,,HM; M,,https://docs.google.com/spreadsheets/d/15YHmk24n6qN6jwY7TxuwOorMeiLXjwkvYe1n7CSqu98/gviz/tq?tqx=out:csv&sheet=Sheet1
In Control,00:28,28,5.60,3.48,Speed - Intervals,Sally McRae,,10K; HM; M,,https://docs.google.com/spreadsheets/d/15YHmk24n6qN6jwY7TxuwOorMeiLXjwkvYe1n7CSqu98/gviz/tq?tqx=out:csv&sheet=Sheet1
Run & Train: Stride Ahead,00:29,29,5.80,3.60,Speed - Intervals,Dora Atim,,,,https://docs.google.com/spreadsheets/d/15YHmk24n6qN6jwY7TxuwOorMeiLXjwkvYe1n7CSqu98/gviz/tq?tqx=out:csv&sheet=Sheet1
Spicy Speed III,00:29,29,5.80,3.60,Speed - Intervals,Bec Wilcock,,,,https://docs.google.com/spreadsheets/d/15YHmk24n6qN6jwY7TxuwOorMeiLXjwkvYe1n7CSqu98/gviz/tq?tqx=out:csv&sheet=Sheet1
Tempo Run With Paula,00:29,29,5.80,3.60,Speed - Tempo,Becs Gentry,Paula Radcliffe,10K; M,,https://docs.google.com/spreadsheets/d/15YHmk24n6qN6jwY7TxuwOorMeiLXjwkvYe1n7CSqu98/gviz/tq?tqx=out:csv&sheet=Sheet1
Speedy Smiles,00:30,30,6.00,3.73,Speed - Fartlek,Sashah Handal,,,,https://docs.google.com/spreadsheets/d/15YHmk24n6qN6jwY7TxuwOorMeiLXjwkvYe1n7CSqu98/gviz/tq?tqx=out:csv&sheet=Sheet1
Movin' On Up,00:30,30,6.00,3.73,Speed - Hill,Bec Wilcock,,,,https://docs.google.com/spreadsheets/d/15YHmk24n6qN6jwY7TxuwOorMeiLXjwkvYe1n7CSqu98/gviz/tq?tqx=out:csv&sheet=Sheet1
Run & Train: Core,00:30,30,6.00,3.73,Speed - Intervals,Cory Wharton-Malcolm,,,,https://docs.google.com/spreadsheets/d/15YHmk24n6qN6jwY7TxuwOorMeiLXjwkvYe1n7CSqu98/gviz/tq?tqx=out:csv&sheet=Sheet1
Run Strong. Repeat.,00:30,30,6.00,3.73,Speed - Intervals,Chelsea Cox,,HM,,https://docs.google.com/spreadsheets/d/15YHmk24n6qN6jwY7TxuwOorMeiLXjwkvYe1n7CSqu98/gviz/tq?tqx=out:csv&sheet=Sheet1
Sneaky Speed,00:30,30,6.00,3.73,Speed - Intervals,Blue Benadum,,HM,,https://docs.google.com/spreadsheets/d/15YHmk24n6qN6jwY7TxuwOorMeiLXjwkvYe1n7CSqu98/gviz/tq?tqx=out:csv&sheet=Sheet1
Speed Run With Sanya,00:30,30,6.00,3.73,Speed - Intervals,Chelsea Cox,Sanya Richards-Ross,5K; 10K,,https://docs.google.com/spreadsheets/d/15YHmk24n6qN6jwY7TxuwOorMeiLXjwkvYe1n7CSqu98/gviz/tq?tqx=out:csv&sheet=Sheet1
Up & Down,00:30,30,6.00,3.73,Speed - Intervals,Dan Fitzgerald,,,,https://docs.google.com/spreadsheets/d/15YHmk24n6qN6jwY7TxuwOorMeiLXjwkvYe1n7CSqu98/gviz/tq?tqx=out:csv&sheet=Sheet1
4K Tempo Run,00:30,30,6.00,3.73,Speed - Tempo,Chris Bennett,,,,https://docs.google.com/spreadsheets/d/15YHmk24n6qN6jwY7TxuwOorMeiLXjwkvYe1n7CSqu98/gviz/tq?tqx=out:csv&sheet=Sheet1
Out Strong. Back Fast.,00:30,30,6.00,3.73,Speed - Tempo,Manal Rostom,,5K; 10K; HM; M,,https://docs.google.com/spreadsheets/d/15YHmk24n6qN6jwY7TxuwOorMeiLXjwkvYe1n7CSqu98/gviz/tq?tqx=out:csv&sheet=Sheet1
60’s,00:31,31,6.20,3.85,Speed - Intervals,Blue Benadum,,,,https://docs.google.com/spreadsheets/d/15YHmk24n6qN6jwY7TxuwOorMeiLXjwkvYe1n7CSqu98/gviz/tq?tqx=out:csv&sheet=Sheet1
90’s,00:31,31,6.20,3.85,Speed - Intervals,Cory Wharton-Malcolm,,HM,,https://docs.google.com/spreadsheets/d/15YHmk24n6qN6jwY7TxuwOorMeiLXjwkvYe1n7CSqu98/gviz/tq?tqx=out:csv&sheet=Sheet1
Crank & Cruise,00:32,32,6.40,3.98,Speed - Intervals,Cory Wharton-Malcolm,,,,https://docs.google.com/spreadsheets/d/15YHmk24n6qN6jwY7TxuwOorMeiLXjwkvYe1n7CSqu98/gviz/tq?tqx=out:csv&sheet=Sheet1
All Over The Pace,00:33,33,6.60,4.10,Speed - Intervals,Becs Gentry,,,,https://docs.google.com/spreadsheets/d/15YHmk24n6qN6jwY7TxuwOorMeiLXjwkvYe1n7CSqu98/gviz/tq?tqx=out:csv&sheet=Sheet1
Ladder Up Ladder Down,00:33,33,6.60,4.10,Speed - Intervals,Chelsea Cox,,,,https://docs.google.com/spreadsheets/d/15YHmk24n6qN6jwY7TxuwOorMeiLXjwkvYe1n7CSqu98/gviz/tq?tqx=out:csv&sheet=Sheet1
Slow Down 2 Speed Up,00:33,33,6.60,4.10,Speed - Intervals,Chris Bennett,Andy Puddicombe,10K,,https://docs.google.com/spreadsheets/d/15YHmk24n6qN6jwY7TxuwOorMeiLXjwkvYe1n7CSqu98/gviz/tq?tqx=out:csv&sheet=Sheet1
Triple 7’s,00:33,33,6.60,4.10,Speed - Intervals,Sally McRae,,10K; HM; M,,https://docs.google.com/spreadsheets/d/15YHmk24n6qN6jwY7TxuwOorMeiLXjwkvYe1n7CSqu98/gviz/tq?tqx=out:csv&sheet=Sheet1
Building Blocks,00:34,34,6.80,4.23,Speed - Intervals,Dan Fitzgerald,,,,https://docs.google.com/spreadsheets/d/15YHmk24n6qN6jwY7TxuwOorMeiLXjwkvYe1n7CSqu98/gviz/tq?tqx=out:csv&sheet=Sheet1
"Go Team Go, BTC!",00:34,34,6.80,4.23,Speed - Intervals,Chris Bennett,BTC,5K; 10K,,https://docs.google.com/spreadsheets/d/15YHmk24n6qN6jwY7TxuwOorMeiLXjwkvYe1n7CSqu98/gviz/tq?tqx=out:csv&sheet=Sheet1
Rock ‘n’ Roller,00:34,34,6.80,4.23,Speed - Intervals,Chelsea Cox,,HM,,https://docs.google.com/spreadsheets/d/15YHmk24n6qN6jwY7TxuwOorMeiLXjwkvYe1n7CSqu98/gviz/tq?tqx=out:csv&sheet=Sheet1
Run & Train: Lower Body,00:34,34,6.80,4.23,Speed - Intervals,Cory Wharton-Malcolm,,,,https://docs.google.com/spreadsheets/d/15YHmk24n6qN6jwY7TxuwOorMeiLXjwkvYe1n7CSqu98/gviz/tq?tqx=out:csv&sheet=Sheet1
Tempo with Emily Infeld,00:35,35,7.00,4.35,Speed - Tempo,Chris Bennett,Emily Infeld,5K; 10K; HM; M,,https://docs.google.com/spreadsheets/d/15YHmk24n6qN6jwY7TxuwOorMeiLXjwkvYe1n7CSqu98/gviz/tq?tqx=out:csv&sheet=Sheet1
In The Zone,00:36,36,7.20,4.47,Speed - Intervals,Sally McRae,,5K,,https://docs.google.com/spreadsheets/d/15YHmk24n6qN6jwY7TxuwOorMeiLXjwkvYe1n7CSqu98/gviz/tq?tqx=out:csv&sheet=Sheet1
Power Pyramid,00:37,37,7.40,4.60,Speed - Intervals,Sally McRae,,HM; M,,https://docs.google.com/spreadsheets/d/15YHmk24n6qN6jwY7TxuwOorMeiLXjwkvYe1n7CSqu98/gviz/tq?tqx=out:csv&sheet=Sheet1
Run Fast. Repeat.,00:37,37,7.40,4.60,Speed - Intervals,Chelsea Cox,,HM,,https://docs.google.com/spreadsheets/d/15YHmk24n6qN6jwY7TxuwOorMeiLXjwkvYe1n7CSqu98/gviz/tq?tqx=out:csv&sheet=Sheet1
Run With Mo,00:37,37,7.40,4.60,Speed - Intervals,Mo Farah,,,,https://docs.google.com/spreadsheets/d/15YHmk24n6qN6jwY7TxuwOorMeiLXjwkvYe1n7CSqu98/gviz/tq?tqx=out:csv&sheet=Sheet1
Deuces,00:38,38,7.60,4.72,Speed - Intervals,Blue Benadum,,10K; HM,,https://docs.google.com/spreadsheets/d/15YHmk24n6qN6jwY7TxuwOorMeiLXjwkvYe1n7CSqu98/gviz/tq?tqx=out:csv&sheet=Sheet1
Speed Play,00:38,38,7.60,4.72,Speed - Intervals,Dan Fitzgerald,,,,https://docs.google.com/spreadsheets/d/15YHmk24n6qN6jwY7TxuwOorMeiLXjwkvYe1n7CSqu98/gviz/tq?tqx=out:csv&sheet=Sheet1
Speed- Durance,00:38,38,7.60,4.72,Speed - Intervals,Sally McRae,,10K; HM; M,,https://docs.google.com/spreadsheets/d/15YHmk24n6qN6jwY7TxuwOorMeiLXjwkvYe1n7CSqu98/gviz/tq?tqx=out:csv&sheet=Sheet1
Stronger Faster,00:38,38,7.60,4.72,Speed - Intervals,Chelsea Cox,,HM; M,,https://docs.google.com/spreadsheets/d/15YHmk24n6qN6jwY7TxuwOorMeiLXjwkvYe1n7CSqu98/gviz/tq?tqx=out:csv&sheet=Sheet1
The Rundown,00:38,38,7.60,4.72,Speed - Intervals,Cory Wharton-Malcolm,,HM,,https://docs.google.com/spreadsheets/d/15YHmk24n6qN6jwY7TxuwOorMeiLXjwkvYe1n7CSqu98/gviz/tq?tqx=out:csv&sheet=Sheet1
Miami Mile Reps,00:40,40,8.05,5.00,Speed - Intervals,Frankie Ruiz,,,,https://docs.google.com/spreadsheets/d/15YHmk24n6qN6jwY7TxuwOorMeiLXjwkvYe1n7CSqu98/gviz/tq?tqx=out:csv&sheet=Sheet1
5K Tempo Run,00:40,40,8.00,4.97,Speed - Tempo,Shalane Flanagan,,,,https://docs.google.com/spreadsheets/d/15YHmk24n6qN6jwY7TxuwOorMeiLXjwkvYe1n7CSqu98/gviz/tq?tqx=out:csv&sheet=Sheet1
